Dixie,Stone,1991-11-12,22595539-5,1-262-462-7889,20
Natalya,Tyler,2008-07-12,2270916-K,366-2338,20
Ashlynn,Bray,2021-12-02,44599596-7,935-3203,18
Karli,Burch,2017-04-20,13108888-4,212-1947,5
Dayami,Fritz,1997-05-21,36948488-5,382-7254,8
Krystal,Jarvis,1982-10-31,42529205-6,493-5348,13
Aleena,Pineda,2000-07-18,3055405-1,731-1545,14
Elena,Reed,1980-05-01,50817342-3,443-3602,20
Tamia,Kim,2001-04-17,49422151-9,1-331-983-7730,4
Kailee,Sexton,2012-01-26,14834669-0,1-662-653-0941,18
Gia,Gibson,2008-09-11,49832252-2,1-998-741-3357,4
Alejandra,Bright,1996-08-03,25297150-5,631-1759,3
Jazmin,Lawrence,2021-10-19,2568414-1,143-6467,16
Rachel,Romero,1999-10-29,14726818-1,1-368-146-5925,11
Marlie,Owen,1993-07-18,46179421-1,1-218-664-2225,9
Baylee,Pitts,1971-09-02,25572844-K,773-8638,13
Sophie,Rosario,1973-10-22,35968514-9,372-6288,10
Aubrey,Gardner,1991-03-28,33444115-6,1-841-308-8327,16
Amira,Gay,1982-05-18,31648208-2,355-6775,18
Nancy,Ellis,1984-08-09,33851857-9,739-9621,14
Eva,Holloway,2012-12-13,17822834-K,510-8296,17
Brooklynn,Ochoa,2022-06-27,27658740-4,1-569-787-4424,9
Makena,Parker,1975-04-16,165281-8,744-3459,15
Angeline,Sullivan,2020-03-19,12412381-K,1-854-553-2131,14
Jazlyn,Mendoza,2001-03-14,15281441-0,1-735-718-1220,1
Kathleen,Kent,1974-10-11,3118026-0,196-4588,17
Nola,Avila,1984-10-11,33531510-3,337-3692,11
Ava,Zuniga,1974-10-28,16207531-4,1-694-530-6541,8
Sarah,Raymond,2009-07-18,37142899-2,1-449-349-5598,16
Gloria,Marsh,2000-11-09,1282579-K,1-842-725-8368,8
Sylvia,Brewer,1996-05-05,7988597-5,212-1486,8
Camilla,Colon,1984-09-23,1413621-5,875-8993,1
Alani,Glenn,2002-06-11,25639889-3,572-2777,4
Kallie,Greer,1979-01-29,3477316-5,475-1499,18
Rylan,Beard,1984-09-18,3959867-1,466-3653,19
Edward,Davila,1996-11-07,47164252-5,407-4186,16
Keegan,Villegas,2016-12-10,34519756-7,518-5342,9
Wilson,Wells,2012-06-13,4739229-2,1-667-762-0435,15
Keon,Parsons,1998-02-24,34301364-7,954-0312,7
Ellis,Mason,1970-03-25,20389687-5,1-315-819-6187,11
Branden,Roach,2008-04-16,33300270-1,410-0367,7
King,Rice,1993-10-21,27690137-0,136-4768,12
Misael,Mckinney,1991-02-12,28747117-3,1-752-857-9806,20
Trystan,Stanton,2013-05-09,15643168-0,1-607-688-1462,1
Marcus,Berg,1997-10-22,31376616-0,565-5520,15
Erik,Friedman,1993-01-07,21356264-9,471-2550,11
Alvin,Henderson,1972-07-09,6220573-3,1-356-365-3569,12
Charles,Weber,1990-10-13,4658295-0,1-605-321-3082,17
Joseph,Maldonado,1995-06-26,2351340-4,665-2503,15
Maximo,Franco,1978-02-13,19803637-4,881-3158,18
Andy,Rocha,1992-07-29,26915687-2,1-557-525-8839,10
Braiden,Avery,1978-03-04,10113184-K,1-852-217-5810,17
Uriel,Lindsey,1991-08-09,41192257-K,876-9885,19
Samuel,Melton,1984-02-15,26385871-9,253-8060,4
Zackery,Simon,2016-04-24,50573200-6,1-614-726-7123,3
Brandon,Pope,2000-04-28,12375688-6,1-384-513-0574,12
Yurem,Ward,1997-01-27,17346931-4,1-312-421-3341,9
Misael,Hayes,1981-06-05,6321680-1,736-8451,4
Jensen,Mclaughlin,1976-11-07,373082-4,1-413-430-1794,2
Aarav,Kaufman,2018-01-02,40359449-0,727-3588,10
Kyler,Decker,2010-12-31,32105742-K,180-1840,4
Morgan,Pennington,2006-03-13,42758377-5,348-1577,13
Van,Garrett,2020-08-24,22155496-5,1-583-551-4117,20
Alijah,Yoder,2012-03-19,42948361-1,687-4545,18
Clayton,Harris,2014-11-26,14297815-6,373-2899,13
Gerardo,Gordon,2018-07-15,29404152-4,1-552-266-4751,9
Bobby,Chan,1972-05-21,30861597-9,387-4865,1
Rayan,Weber,1974-05-25,43317233-7,1-312-821-3823,15
Darien,Juarez,2017-05-01,3596403-7,1-559-663-4171,3
Howard,Pugh,2000-09-14,29437603-8,1-221-728-1411,3
Cristofer,Khan,2005-08-06,50546528-8,1-527-839-1790,2
Antwan,Rios,1970-07-21,14697672-7,1-667-506-4536,15
Allan,Fox,2002-11-20,35326953-4,1-645-182-6936,10
Brendan,Johnston,1985-01-16,48983921-0,776-5789,18
